{"cameraMode":{"drawMode":0,"name":"Shaded","section":"Shading Mode"},"sceneLighting":true,"audioPlay":false,"sceneViewState":{"m_AlwaysRefresh":false,"showFog":true,"showSkybox":true,"showFlares":true,"showImageEffects":true,"showParticleSystems":true,"showVisualEffectGraphs":true,"m_FxEnabled":true},"in2DMode":false,"pivot":{"x":-2.7627034187316896,"y":23.597349166870118,"z":329.84600830078127},"rotation":{"x":-0.08492087572813034,"y":0.5017473101615906,"z":0.049408335238695148,"w":0.8594863414764404},"size":4.003504753112793,"orthographic":false}