{"cameraMode":{"drawMode":0,"name":"Shaded","section":"Shading Mode"},"sceneLighting":true,"audioPlay":false,"sceneViewState":{"m_AlwaysRefresh":false,"showFog":true,"showSkybox":true,"showFlares":true,"showImageEffects":true,"showParticleSystems":true,"showVisualEffectGraphs":true,"m_FxEnabled":true},"in2DMode":false,"pivot":{"x":2.61114239692688,"y":-2.0624754428863527,"z":85.99393463134766},"rotation":{"x":0.19069063663482667,"y":-0.03769838809967041,"z":0.00734665198251605,"w":0.9809466004371643},"size":0.6123725175857544,"orthographic":false}