{"cameraMode":{"drawMode":0,"name":"Shaded","section":"Shading Mode"},"sceneLighting":true,"audioPlay":false,"sceneViewState":{"m_AlwaysRefresh":false,"showFog":true,"showSkybox":true,"showFlares":true,"showImageEffects":true,"showParticleSystems":true,"showVisualEffectGraphs":true,"m_FxEnabled":true},"in2DMode":false,"pivot":{"x":1.67350435256958,"y":1.346677303314209,"z":-20.25217056274414},"rotation":{"x":0.08011028915643692,"y":-0.14318901300430299,"z":0.013549127615988255,"w":0.9870719313621521},"size":0.8660253882408142,"orthographic":false}