{"cameraMode":{"drawMode":0,"name":"Shaded","section":"Shading Mode"},"sceneLighting":true,"audioPlay":false,"sceneViewState":{"m_AlwaysRefresh":false,"showFog":true,"showSkybox":true,"showFlares":true,"showImageEffects":true,"showParticleSystems":true,"showVisualEffectGraphs":true,"m_FxEnabled":true},"in2DMode":false,"pivot":{"x":0.6399378180503845,"y":6.505362033843994,"z":346.28179931640627},"rotation":{"x":-0.33054661750793459,"y":0.0889720767736435,"z":0.033733759075403216,"w":0.9397571682929993},"size":1.5680195093154908,"orthographic":false}