{"cameraMode":{"drawMode":0,"name":"Shaded","section":"Shading Mode"},"sceneLighting":true,"audioPlay":false,"sceneViewState":{"m_AlwaysRefresh":false,"showFog":true,"showSkybox":true,"showFlares":true,"showImageEffects":true,"showParticleSystems":true,"showVisualEffectGraphs":true,"m_FxEnabled":true},"in2DMode":false,"pivot":{"x":6.123193264007568,"y":10.174272537231446,"z":71.28775024414063},"rotation":{"x":0.003312179818749428,"y":-0.9918127059936523,"z":0.02407233789563179,"w":0.12574687600135804},"size":2.1150498390197756,"orthographic":false}