{"cameraMode":{"drawMode":0,"name":"Shaded","section":"Shading Mode"},"sceneLighting":true,"audioPlay":false,"sceneViewState":{"m_AlwaysRefresh":false,"showFog":true,"showSkybox":true,"showFlares":true,"showImageEffects":true,"showParticleSystems":true,"showVisualEffectGraphs":true,"m_FxEnabled":true},"in2DMode":false,"pivot":{"x":-5.8841962814331059,"y":34.58759307861328,"z":325.88653564453127},"rotation":{"x":0.46754392981529238,"y":0.18607871234416963,"z":-0.10176142305135727,"w":0.8582269549369812},"size":0.8660253882408142,"orthographic":false}