{"cameraMode":{"drawMode":0,"name":"Shaded","section":"Shading Mode"},"sceneLighting":false,"audioPlay":false,"sceneViewState":{"m_AlwaysRefresh":false,"showFog":true,"showSkybox":false,"showFlares":true,"showImageEffects":true,"showParticleSystems":true,"showVisualEffectGraphs":true,"m_FxEnabled":true},"in2DMode":false,"pivot":{"x":0.010000228881835938,"y":3.4300003051757814,"z":-18.389999389648439},"rotation":{"x":-0.3495101034641266,"y":0.40002450346946719,"z":-0.16608701646327973,"w":-0.8312732577323914},"size":7.141428470611572,"orthographic":false}